{"display":"MIRAI.074352.001","product":"mirai","device":"mirai","board":"mirai","model":"mirai","finger_print":"mamoe/mirai/mirai:10/MIRAI.200122.001/5276533:user/release-keys","boot_id":"d82680ff-300e-9c57-4633-28858b9ef134","proc_version":"Linux version 3.0.31-ZlzRaxQ1 (android-build@xxx.xxx.xxx.xxx.com)","protocol":0,"imei":"317727076196923","brand":"mamoe","bootloader":"unknown","base_band":"","version":{"incremental":"5891938","release":"10","codename":"REL","sdk":29},"sim_info":"T-Mobile","os_type":"android","mac_address":"00:50:56:C0:00:08","ip_address":[10,0,1,3],"wifi_bssid":"00:50:56:C0:00:08","wifi_ssid":"<unknown ssid>","imsi_md5":"96e60008c3e2d4898f922c98c82b083a","android_id":"7b6287e426537241","apn":"wifi","vendor_name":"MIUI","vendor_os_name":"mirai"}